nombreEquipo;propiedad;estado;so;marca;modelo;cpu;paqueteOfimatica;activoFijo;activoFijoImpresora;activoFijoEscaner;impresora;escaner;ram;hdd;ip;mac;serial;anydesk;operador;observaciones;dependencia
DESKTOP-C76V561;NT;NT;NT;NT;NT;NT;NT;NT;NT;NT;NT;NT;NT;NT;192.168.2.103;74:27:EA:4E:43:57;NT;NT;NT;NT;DESCONOCIDO
DESCONOCIDO;NT;NT;NT;NT;NT;NT;NT;NT;NT;NT;NT;NT;NT;NT;192.168.2.115;NT;NT;NT;NT;NT;DESCONOCIDO
RADICACION1;NT;NT;NT;NT;NT;NT;NT;NT;NT;NT;NT;NT;NT;NT;192.168.2.136;NT;NT;NT;NT;NT;RADICACION
DESKTOP-57KFBER;NT;NT;NT;NT;NT;NT;NT;NT;NT;NT;NT;NT;NT;NT;192.168.2.147;NT;NT;NT;NT;NT;NT
"DESKTOP-TSLVHHH	";NT;NT;NT;NT;NT;NT;NT;NT;NT;NT;NT;NT;NT;NT;192.168.2.148;00:e0:53:03:f3:28;NT;NT;NT;NT;NT
ASESOREXTJUR;NT;NT;NT;NT;NT;NT;NT;NT;NT;NT;NT;NT;NT;NT;192.168.2.150;NT;NT;NT;NT;NT;ADMINISTRATIVOS (JURIDICA)
LIBRE;NT;NT;NT;NT;NT;NT;NT;NT;NT;NT;NT;NT;NT;NT;192.168.2.155;NT;NT;NT;NT;NT;NT
M127FN;HOSPITAL;NT;NT;NT;NT;NT;NT;577;NT;NT;NT;NT;NT;NT;192.168.2.157;NT;NT;NT;NT;ZULEIMA;ALMACEN
NT;NT;NT;NT;NT;NT;NT;NT;NT;NT;NT;NT;NT;NT;NT;192.168.2.17;NT;NT;NT;NT;NT;NT
RICOH 301;NT;NT;NT;NT;NT;NT;NT;NT;NT;NT;RED;NT;NT;NT;192.168.2.182;NT;NT;NT;NT;NT;CONSULTA EXTERNA (FACTURACION)
TOSHIBA STUDIO 355SE;NT;NT;NT;NT;NT;NT;NT;NT;NT;NT;RED;NT;NT;NT;192.168.2.183;NT;NT;NT;NT;NT;RADICACION
NT;NT;NT;NT;NT;NT;NT;NT;NT;NT;NT;NT;NT;NT;NT;192.168.2.19;NT;NT;NT;NT;NT;NT
CP26926728;NT;NT;NT;NT;NT;NT;NT;NT;NT;NT;NT;NT;NT;NT;192.168.2.190;00:25:ab:73:e1:b4;NT;NT;NT;NT;RX
ROBOTIB-PC;NT;NT;NT;NT;NT;NT;NT;NT;NT;NT;NT;NT;NT;NT;192.168.2.191;6c:3b:e5:32:a1:fa;NT;NT;NT;NT;RX
LIBRE;NT;NT;NT;NT;NT;NT;NT;NT;NT;NT;NT;NT;NT;NT;192.168.2.204;NT;NT;NT;NT;NT;NT
NT;NT;NT;NT;NT;NT;NT;NT;NT;NT;NT;NT;NT;NT;NT;192.168.2.207;2c:f0:5d:b1:4d:20;NT;963829255;NT;NT;NT
LIBRE;NT;NT;NT;NT;NT;NT;NT;NT;NT;NT;NT;NT;NT;NT;192.168.2.209;NT;NT;NT;NT;NT;NT
HANGZHOU HIKVISION;NT;NT;NT;NT;NT;NT;NT;NT;NT;NT;NT;NT;NT;NT;192.168.2.21;44:19:b6:fd:54:f2;NT;NT;NT;NT;CAMARAS
DESCONOCIDO;NT;NT;NT;NT;NT;NT;NT;NT;NT;NT;NT;NT;NT;NT;192.168.2.210;c4:34:6b:5d:72:28;NT;NT;NT;NT;DESCONOCIDO
INSTALADORSISTEMAS;NT;NT;NT;NT;NT;NT;NT;NT;NT;NT;NT;NT;NT;NT;192.168.2.211;NT;NT;NT;NT;NT;SISTEMAS
SISTEMASAUX;NT;NT;NT;NT;NT;NT;NT;NT;NT;NT;NT;NT;NT;NT;192.168.2.212;NT;NT;NT;NT;NT;SISTEMAS
LASERJET M501;NT;NT;NT;NT;NT;NT;NT;2122;NT;NT;RED;NT;NT;NT;192.168.2.216;NT;NT;NT;NT;NT;ADMINISTRATIVOS
HANGZHOU  HIKVISION;NT;NT;NT;NT;NT;NT;NT;NT;NT;NT;NT;NT;NT;NT;192.168.2.22;28:57:be:ae:a7:39;NT;NT;NT;NT;CAMARAS
DESCONOCIDO;NT;NT;NT;NT;NT;NT;NT;NT;NT;NT;NT;NT;NT;NT;192.168.2.225;NT;NT;NT;NT;NT;DESCONOCIDO
LUMIRATEKH5;NT;NT;NT;NT;NT;NT;NT;NT;NT;NT;NT;NT;NT;NT;192.168.2.232;90:1b:0e:91:56:a8;NT;NT;NT;NT;NT
HANGZHOU HIKVISION;NT;NT;NT;NT;NT;NT;NT;NT;NT;NT;NT;NT;NT;NT;192.168.2.247;c4:2f:90:30:9e:f2;NT;NT;NT;NT;NT
HANGZHOU HIKVISION;NT;NT;NT;NT;NT;NT;NT;NT;NT;NT;NT;NT;NT;NT;192.168.2.248;c4:2f:90:30:9e:fa;NT;NT;NT;NT;NT
QUANTA COMPUTER;NT;NT;NT;NT;NT;NT;NT;NT;NT;NT;NT;NT;NT;NT;192.168.2.251;54:ab:3a:aa:d6:3b;NT;NT;NT;NT;NT
SERVERWIN;NT;NT;NT;NT;NT;NT;NT;NT;NT;NT;NT;NT;NT;NT;192.168.2.254;70:10:6f:c0:fe:f0;NT;NT;NT;NT;SISTEMAS
RADIO UBIQUITI;NT;NT;NT;NT;NT;NT;NT;NT;NT;NT;NT;NT;NT;NT;192.168.2.26;00:27:22:d4:62:44;NT;NT;NT;NT;SISTEMAS
LIBRE;NT;NT;NT;NT;NT;NT;NT;NT;NT;NT;NT;NT;NT;NT;192.168.2.31;NT;NT;NT;NT;NT;NT
ASOTOC;NT;NT;W10;NT;NT;NT;MICROSOFT OFFICE 2016 (NO ACTIVADO);NT;NT;NT;NT;NT;NT;NT;192.168.2.59;NT;NT;NT;NT;NT;ASOTOC
LASERJET M501;NT;NT;NT;NT;NT;NT;NT;NT;NT;NT;RED;NT;NT;NT;192.168.2.69;NT;NT;NT;NT;NT;PEDIATRIA
COM-SYAC;NT;NT;NT;NT;NT;NT;NT;NT;NT;NT;NT;NT;NT;NT;192.168.2.70;NT;NT;NT;NT;NT;NT
TECNOMEN OY;NT;NT;NT;NT;NT;NT;NT;NT;NT;NT;NT;NT;NT;NT;192.168.2.80;00:e0:20:11:08:ec;NT;NT;NT;NT;NT
NT;NT;NT;NT;NT;NT;NT;NT;NT;NT;NT;NT;NT;NT;NT;192.168.2.9;NT;NT;NT;NT;NT;NT
LASERJET M501;NT;NT;NT;NT;NT;NT;NT;NT;NT;NT;RED;NO;NT;NT;192.168.2.93;NT;NT;NT;NT;NT;URGENCIAS
LASERJET M501;NT;NT;NT;NT;NT;NT;NT;NT;NT;NT;RED;NT;NT;NT;192.168.2.94;NT;NT;NT;NT;NT;URGENCIAS(TRAUMA)
UCIADULTO5;NT;NT;W10;HP;NT; i5-6500;MICROFOFT OFFICE 2019;4956;NT;NT;NT;NT;8;360;192.168.2.39;C8-D3-FF-A4-94-E0;MXL7232HVF;968705210;NT;NT;UCI
LUISMIGUEL-LUIS;NT;NT;W7;NT;NT;ATOM D2550;MICROSOFT OFFICE 2010 (NO ACTIVADO);NT;NT;NT;NT;NT;2;500;192.168.2.189;00:25:ab:30:0c:90;NT;NT;NT;NT;DARSERVICIOS
DARSERCOORDI;NT;NT;W10;NT;NT;CELERON;MICROSOFT OFFICE 2016 (ACTIVADO);NT;NT;NT;NT;NT;4;240;192.168.2.223;c8:de:ff:a4:95:06;NT;NT;NT;NT;DARSERVICIOS
SECSIUA;HOSPITAL;NT;WIN 7;SEMTEY;NT;CELERON E3300;OFICCE 2010 (ACTIVADO);559;549;NT;HP LASERJET P1102W;NT;4;500;192.168.2.180;?6C:F0:49:8D:1B:26;NT;988046897;NT;NT;SIAU
DIGITALIZACIONPISO;ASOSINTRASALUD;NT;W10;LENOVO;NT;CELERON J1800;MICROSOFT OFFICE 2016 (ACTIVADO);NT;NT;NT;NT;NT;4;500;192.168.2.252;f0:76:1c:ff:b3:8b;NT;NT;NT;NT;ASOSINTRASALUD FACTURACION PISO
AUDITORIAAUX;NT;NT;W7;NT;NT;CELERON J1900;MICROSOFT OFFICE 2013 (NO ACTIVADO);NT;NT;NT;NT;NT;4;1000;192.168.2.164;b8:ae:ed:a3:b8:91;NT;NT;NT;NT;AUDITORIA
RADICACIONJAN;ASOSINTRASALUD;NT;W7;GENERICA;NT;CELERON J1900;MICROSOFT OFFICE 2010 (ACTIVADO);NT;NT;NT;NT;NT;4;500;192.168.2.166;e4:e7:49:4f:e2:9e;NT;NT;NT;NT;ASOSINTRASALUD AUDITORIA
AUDIAPOYOCONEX;ASOSINTRASALUD;NT;W10;GENERICA;NT;CELERON J1900;MICROSOFT OFFICE 2016 (ACTIVADO);NT;NT;NT;NT;NT;4;500;192.168.2.237;b8:ae:ed:a3:b7:55;NT;NT;NT;NT;ASOSINTRASALUD RADICACION
AUXAUTORIZACION2PISO;ASOSNITRASALUD;Regular;W10;LENOVO;NT;CELERON J4005;MICROSOFT OFFICE 2016 (NO ACTIVADO);NT;NT;NT;NT;NT;4;240;192.168.2.119;f8:75:a4:aa:b2:46;NT;NT;NT;EQUIPO EN BUEN ESTADO PERO LA CAPACIDAD DEL PROCESADOR NO CUMPLE CON LAS REQUERIDAS PARA REALIZAR MULTIPLES TAREAS Y TIENDE A REELENTIZAR;ASOSINTRASALUD MATERNIDAD(FACTURACION)
DARSERVICIOSS;NT;NT;W10;NT;NT;CELERON J4005;MICROSOFT OFFICE 2013 (NO ACTIVADO);NT;NT;NT;NT;NT;4;1000;192.168.2.188;98:fa:9b:67:d3:ee;NT;NT;NT;NT;DARSERVICIOS
ASOSINTRASALUD-PATER;ASOSINTRASALUD;NT;W10;LENOVO;NT;CELERON J4005;MICROSOFT OFFICE 2016 (ACTIVADO);NT;NT;NT;NT;NT;4;240;192.168.2.229;f8:75:a4:aa:b5:6e;NT;NT;NT;NT;ASOSINTRASALUD RADICACION
AUXRECURSOSH3;HOSPITAL;NT;WIN7;HP;NT;CORE I3 3220;OFFICE 2010 (ACTIVADO);1796;NT;NT;NT;NT;4;250;192.168.2.2;78:E3:B5:BD:96:8A;MXL3151N85;363634523;NT;NT;SEGURIDAD TRABAJO (ADMINISTRATIVO)
CUENTASMEDICASI;HOSPITAL;NT;WIN7;HP;NT;CORE I3 3220;OFFICE 2016 (NO ACTIVADO);1257;1828;NT;HP LASERJET P1102W;NT;8;500;192.168.2.8;?78:E3:B5:C7:53:B9;MXL3412676;520981947;NT;NT;CUENTAS MEDICAS (ADMINISTRATIVOS)
GESTIONHUMANAS;HOSPITAL;NT;WIN7;HP;NT;CORE I5 3470S;OFFICE 2013 (ACTIVADO);86;NT;NT;NT;NT;4;500;192.168.2.117;78:E3:B5:BB:49:E7;MXL31023ZG;937382775;NT;NT;RECURSOS HUMANOS
SINTRASALUDS;SINTRASALUD;NT;W8;COMPAQ;NT;E1 2500;MICROSOFT OFFICE 2013 (NO ACTIVADO);NT;NT;NT;LASERJET P1102W;NT;4;240;192.168.2.158;?10-60-4B-91-71-79;NT;1030268601;NT;NT;SINTRASALUD
FACTCONSULT;ASOSINTRASALUD;Regular;W10;GENERICA;NT;G4400;MICROSOFT OFFICE 2010 (NO ACTIVADO);NT;NT;NT;NT;NT;8;1000;192.168.2.146;b0:0c:d1:55:e6:08;NT;NT;DIANA;EQUIPO EN BUEN ESTADO PERO LA CAPACIDAD DEL PROCESADOR NO CUMPLE CON LAS REQUERIDAS PARA REALIZAR MULTIPLES TAREAS Y TIENDE A REELENTIZAR;ASOSINTRASALUD FACTURACION CONSULTA EXTERNA
ESTADISTICA1;NT;NT;W10;NT;NT;I3 2110;MICROSOFT OFFICE 2010 (NO ACTIVADO);144;NT;NT;NO;NO;4;500;192.168.2.34;8c:89:a5:dd:89:ec;NT;215 404 162;NT;NT;ADMINISTRATIVOS (ESTADISTICA)
SEGPACIENTE;NT;NT;W7;COMPAQ;PRO 4300SFF;I3 2550;MICROSOFT OFFICE 2010 (NO ACTIVADO);530;NT;NT;NT;NT;4;361;192.168.2.49;?6C-62-6D-3B-19-4E;NT;490098195;NT;NT;SEGURIDAD DEL PACIENTE
TRIAGE;HOSPITAL;Excelente;W7;HP;NT;I3 3220;LIBRE OFFICE;1870;NT;NT;LASERJET P1102W;NT;4;500;192.168.2.101;78:e3:b5:bd:96:c3;MXL430128X;947725033;MEDICO DE TURNO;EQUIPO EN EXCELENTE ESTADO;TRIAGE
ECOGRAFIAS;NT;NT;W7;NT;PRO 4300SFF;I3 3220;MICROSOFT OFFICE 2010 (ACTIVADO);NT;NT;NT;LASERJET P1102W;NO;6;500;192.168.2.116;78:e3:b5:c7:52:95;NT;NT;NT;NT;ECOGRAFIAS
CEXTERNE4;NT;NT;W7;NT;PRO 4300SFF;I3 3220;LIBRE OFFICE;2684;NT;NT;LASERJET P1102W;NO;4;500;192.168.2.121;78:e3:b5:bd:95:dd;MXL3151N8C;187061324;NT;NT;CONSULTA EXTERNA (CONSULTORIO 4)
CONEXTERNA2;NT;NT;W7;NT;PRO 4300SFF;I3 3220;LIBRE OFFICE;1107;734;NT;LASERJET P1102W;NT;4;500;192.168.2.123;78:e3:b5:bd:95:74;MXL3151N9C;139460227;NT;NT;CONSULTA EXTERNA (CONSULTORIO 2)
CEXTERNA8;NT;NT;W10;NT;PRO 4300SFF;I3 3220;MICROSOFT OFFICE 2016 (NO ACTIVADO);2071;NT;NT;LASERJET P1102W;NT;4;500;192.168.2.125;78:e3:b5:bd:95:1;MXL3411GF6;1131010013;NT;NT;CONSULTA EXTERNA (CONSULTORIO 8)
CONEXTERNA5;NT;NT;W7;NT;PRO 4300SFF;I3 3220;LIBRE OFFICE;1778;491;NT;LASERJET P1102W;NT;4;500;192.168.2.126;78:e3:b5:bd:95:a8;MXL3151N68;956901140;NT;NT;CONSULTA EXTERNA (CONSULTORIO 5)
CITASTELEFONO;NT;NT;W7;NT;PRO 4300SFF;I3 3220;LIBRE OFFICE;1841;NT;NT;NT;NT;4;500;192.168.2.127;78:e3:b5:c7:52:37;MXL3151NBZ;707896868;NT;NT;CONSULTA EXTERNA (CITAS MEDICAS)
COORDUCI;NT;NT;W10;NT;PRO 4300SFF;I3 3220;MICROSOFT OFFICE 2010 (NO ACTIVADO);1703;NT;NT;NT;NT;6;500;192.168.2.128;78:E3:B5:C7:52:37;MXL3151N99;827301848;NT;NT;UCI
CITAS2;NT;NT;W7;NT;PRO 4300SFF;I3 3220;LIBRE OFFICE;1827;NT;NT;NT;NT;4;500;192.168.2.131;78:e3:b5:bd:96:8a;MXL3151N5Z;NT;NT;NT;CONSULTA EXTERNA (CITAS MEDICAS)
ARCHIVO1;NT;NT;W7;NT;PRO 4300SFF;I3 3220;LIBRE OFFICE;5003;215;NT;LASERJET P1102W;NT;4;500;192.168.2.133;78:e3:b5:bd:95:ea;NT;NT;NT;NT;ARCHIVO
ARCHIVO2;NT;NT;W7;NT;PRO 4300SFF;I3 3220;LIBRE OFFICE;NT;NT;NT;LASERJET P1102W;NO;4;500;192.168.2.134;78:e3:b5:bd:96:9B;NT;NT;NT;NT;ARCHIVO
AUXCALIDAD;HOSPITAL;NT;W7;HP;PRO 4300SFF;I3 3220;MICROSOFT OFFICE 2010 (ACTIVADO);1101;NT;NT;NT;NT;4;500;192.168.2.140;78:e3:b5:bd:96:01;MXL3151N5M;261751940;NT;NT;CALIDAD
ESTADISTICAA1;HOSPITAL;NT;W7;HP;PRO 4300SFF;I3 3220;MICROSOFT OFFICE 2010 (NO ACTIVADO);3199;NT;NT;NT;NT;4;500;192.168.2.141;78:E3:B5:C7:51:4E;MXL341267N;362339394;NT;NT;ADMINISTRATIVOS (ESTADISTICA)
MANTENIMIENTO2;HOSPITAL;NT;W7;HP;PRO 4300SFF;I3 3220;MICROSOFT OFFICE 2010 (NO ACTIVADO);450;NT;NT;NT;NT;4;500;192.168.2.143;?78:E3:B5:BD:95:EA;MXL3151N8Q;128 886 049;NT;NT;MANTENIMIENTO
CONEXTERNA7;NT;NT;W7;NT;PRO 4300SFF;I3 3220;MICROSOFT OFFICE 2010 (NO ACTIVADO);1987;1842;NT;LASERJET P1102W;NT;4;500;192.168.2.145;78:e3:b5:bd:97:4b;MXL3151N6H;354986124;NT;NT;CONSULTA EXTERNA (CONSULTORIO 7)
JEFEENFERMERIA;HOSPITAL;NT;W7;HP;PRO 4300SFF;I3 3220;MICROSOFT OFFICE 2010 (ACTIVADO);NT;403;NT;LASERJET P1102W;NT;4;500;192.168.2.167;78:e3:b5:bd:95:c6;NT;NT;NT;NT;JEFE DE ENFERMERIA
ADMISIONES-HP;HOSPITAL;NT;W7;HP;PRO 4300SFF;I3 3220;MICROSOFT OFFICE 2010 (NO ACTIVADO);1144;NT;NT;NT;NT;4;500;192.168.2.171;78:e3:b5:c7:52:8a;NT;NT;NT;NT;ASOSINTRASALUD URGENCIAS(FACTURACION)
JURIDICACARTERA;NT;NT;W7;NT;PRO 4300SFF;I3 3220;MICROSOFT OFFICE 2010 (NO ACTIVADO);1469;NT;NT;NO;NO;4;500;192.168.2.18;78:e3:b5:bd:95:80;MXL3151N61;243352571;NT;NT;ADMINISTRATIVOS (JURIDICA CARTERA)
NUTRICIONISTA;HOSPITAL;NT;W7;HP;PRO 4300SFF;I3 3220;MICROSOFT OFFICE 2010 (NO ACTIVADO);NT;NT;NT;EPSON L3110;NT;4;500;192.168.2.192;78:e3:b5:c7:53:ca;NT;466211595;NT;NT;COCINA
carteraprofesio;HOSPITAL;NT;W7;HP;PRO 4300SFF;I3 3220;MICROSOFT OFFICE 2010 (NO ACTIVADO);31;26;35;LASERJET P1102W;KODAK I2600;4;500;192.168.2.224;78:e3:b5:c7:5a:69;MXL3412684;295042309;NT;NT;ADMINISTRATIVOS (CARTERA)
CITAS1;NT;NT;W7;NT;PRO 4300SFF;I3 3220;MICROSOFT OFFICE 2010 (ACTIVADO);1785;1702;NT;LASERJET P1102W;NT;4;500;192.168.2.230;00:25:ab:97:97:de;NT;381498605;NT;NT;CONSULTA EXTERNA(CITAS)
APOCONTRATACION;HOSPITAL;NT;W10;HP;PRO 4300SFF;I3 3220;MICROSOFT OFFICE 2016 (NO ACTIVADO);1634;NT;5459;NT;DS 970;6;500;192.168.2.24;78:e3:b5:c7:53:b9;MXL3412676;813220147;NT;NT;ADMINISTRATIVOS (JURIDICA)
CINFECCIONESHOS;NT;NT;W7;HP;PRO 4300SFF;I3 3220;MICROSOFT OFFICE 2010 (NO ACTIVADO);936;NT;NT;NT;NT;4;500;192.168.2.243;78:e3:b5:c7:52:90;MXL3412677;854834458;NT;NT;CALIDAD
CONSEXT6;NT;NT;W10;NT;PRO 4300SFF;I3 3220;MICROSOFT OFFICE 2016 (NO ACTIVADO);494;1639;NT;LASERJET P1102W;NT;4;500;192.168.2.246;78:e3:b5:c7:52:8d;MXL341267F;1196731906;NT;NT;CONSULTA EXTERNA (CONSULTORIO 6)
CUENTASMEDICASJ;HOSPITAL;NT;W7;HP;PRO 4300SFF;I3 3220;MICROSOFT OFFICE 2010 (ACTIVADO);502;NT;NT;NT;NT;4;500;192.168.2.250;78:e3:b5:c7:5b:4b;MXL3412672;894027135;NT;NT;ADMINISTRATIVOS (CUENTAS MEDICAS)
LABHEMATOLOGIA;HOSPITAL;NT;W7;HP;PRO 4300SFF;I3 3220;MICROSOFT OFFICE 2010 (NO ACTIVADO);1812;NT;NT;NT;NT;4;500;192.168.2.30;78:e3:b5:bd:95:74;MXL31551N5L;822637032;NT;NT;LABORATORIO
VENTANILLAA;NT;NT;W7;NT;PRO 4300SFF;I3 3220;MICROSOFT OFFICE 2010 (NO ACTIVADO);NT;NT;NT;NO;NO;4;500;192.168.2.37;78:e3:b5:c7:55:e7;NT;NT;NT;NT;VENTANILLA UNICA
ALMACENAUX;HOSPITAL;NT;W10;HP;PRO 4300SFF;I3 3220;MICROSOFT OFFICE 2016 (ACTIVADO);573;NT;NT;NT;NT;4;240;192.168.2.42;78:e3:b5:bd:97:fc;MXL3151N89;804981428;NT;NT;ALMACEN
CONEXTERNAJ;NT;NT;W7;NT;PRO 4300SFF;I3 3220;MICROSOFT OFFICE 2010 (NO ACTIVADO);NT;NT;NT;LASERJET P1102W;NO;4;500;192.168.2.46;NT;NT;NT;NT;NT;CONSULTA EXTERNA (CONSULTORIO 1)
JEFEMANTENIMIENTO;HOSPITAL;NT;W10;HP;PRO 4300SFF;I3 3220;MICROSOFT OFFICE 2016 (NO ACTIVADO);NT;3239;NT;LASERJET M102W;NT;6;500;192.168.2.50;78:e3:b5:bb:b8:ca;NT;1959059550;NT;NT;MANTENIMIENTO
OBSTETRICIAEST1;NT;NT;W7;HP;PRO 4300SFF;I3 3220;LIBRE OFFICE;2072;NT;NT;NT;NT;4;500;192.168.2.71;78:e3:b5:bb:96:cd;MXL3151N6J;645469041;NT;NT;OBSTETRICIA
FISIOTERAPIA1;NT;NT;W10;HP;PRO 4300SFF;I3 3220;MICROSOFT OFFICE 2010 (NO ACTIVADO);1396;NT;NT;NT;NT;4;500;192.168.2.84;78:e3:b5:bd:95:78;MXL3151N5W;535354328;NT;NT;FISIOTERAPIA
FISIOTERAPIA2;NT;NT;W10;NT;PRO 4300SFF;I3 3220;LIBRE OFFICE;1179;NT;NT;NT;NT;4;500;192.168.2.85;78:e3:b5:c7:52:97;MXL3412675;367909298;NT;NT;FISIOTERAPIA
SISTEMAST;NT;NT;W10;NT;PRO 4300SFF;I3 3240;MICROSOFT OFFICE 2016 (NO ACTIVADO);NT;NT;NT;NT;NT;8;2000;192.168.2.68;NT;NT;NT;NT;NT;SISTEMAS
SEGURIDADALPACI;NT;NT;W7;NT;PRO 4300SFF;I3 3250;MICROSOFT OFFICE 2010 (NO ACTIVADO);NT;NT;NT;NO;NO;4;1000;192.168.2.45;6c:62:6d:3b:19:4e;NT;833511500;NT;NT;SEGURIDAD DEL PACIENTE
ESTADISTICAAUX;HOPSITAL;NT;W7;HP;PRO 4300SFF;I3 3320;MICROSOFT OFFICE 2010 (NO ACTIVADO);1469;NT;NT;NT;NT;4;500;192.168.2.195;78:E3:B5:BD:95:80;MXL43200562;1201291750;NT;NT;ADMINISTRATIVOS
AUDIEXTER1;HOSPITAL;NT;W7;HP;PRO 400G1;I3 4130;MICROSOFT OFFICE 2016;1891;NY;NT;NT;NT;4;500;192.168.2.202;40:a8:f0:52:a3:25;MXL4300FDB;200185013;NT;NT;ADMINISTRATIVOS
SALACOVID5;NT;NT;W7;NT;PRO 400G1;I3 4130;LIBRE OFFICE;1870;NT;NT;NO;NO;4;500;192.168.2.203;40:a8:f0:58:87:3a;MXL430128X;755328112;NT;NT;SALA COVID
CXJEFE1;NT;NT;W7;NT;PRO 400G1;I3 4130;LIBRE OFFICE;NT;NT;NT;NT;NT;4;500;192.168.2.62;40:a8:f0:58:87:cc;MXL43105G6;329883432;NT;NT;CIRUGIA
OBSTETRICIAEST4;NT;NT;W7;HP;PRO 400G1;I3 4130;LIBRE OFFICE;1850;NT;NT;NT;NT;4;500;192.168.2.74;40:a8:f0:52:a3:08;MXL4300CG1;465886624;NT;NT;OBSTETRICIA
LABORATORIOAUX;HOSPITAL;Excelente;W7;HP;PRO 400G1;I3 4160;LIBRE OFFICE;5105;NT;NT;NT;NT;8;500;192.168.2.109;34:64:a9:37:a2:0a;MXL6072G84;990682785;ENFERMERA DE TURNO;EQUIPO EN EXCELENTE ESTADO;LABORATORIO
LABRESULTADOS;HOSPITAL;Excelente;W7;HP;PRO 400G1;I3 4160;MICROSOFT OFFICE 2010 (NO ACTIVADO);698;1376;NT;LASERJET PRO M402DW;NT;4;500;192.168.2.110;c4:34:6b:78:30:90;NT;238071080;HAIVER;EQUIPO EN EXCELENTE ESTADO;LABORATORIO(FACTURACION)
LABORATORIO2;HOSPITAL;Excelente;W7;HP;PRO 400G1;I3 4160;LIBRE OFFICE;436;NT;NT;NT;NT;4;500;192.168.2.111;34:64:a9:28:a8:b2;MXL53715CQ;953929150;ENFERMA DE TURNO;EQUIPO EN EXCELENTE ESTADO;LABORATORIO
PRUELABORATORIO;HOSPITAL;Excelente;W7;HP;PRO 400G1;I3 4160;MICROSOFT OFFICE 2010 (NO ACTIVADO);427;NT;NT;NT;NT;4;500;192.168.2.113;c4:34:6b:79:e5:a6;NT;373942019;ENFERMERA DE TURNO;EQUIPO EN EXCELENTE ESTADO;LABORATORIO
AUXCARTERA1;HOSPITAL;NT;W10;HP;PRO 400G1;I3 4160;MICROSOFT OFFICE 2016 (NO ACTIVADO);30;NT;NT;NT;NT;4;500;192.168.2.118;34:64:a9:28:a8:d2;MXL53715D7;224538011;NT;NT;ADMINISTRATIVOS (CARTERA)
CEXTERNA10;NT;NT;W7;NT;PRO 400G1;I3 4160;MICROSOFT OFFICE 2010 (NO ACTIVADO);1698;NT;NT;LASERJET P1102W;NT;4;500;192.168.2.138;34:64:A9:28:76:5B;MXL5370TLD;864474661;NT;NT;CONSULTA EXTERNA (CONSULTORIO 10)
CONEXTERNA9;NT;NT;W10;NT;PRO 400G1;I3 4160;MICROSOFT OFFICE 2010 (NO ACTIVADO);4062;170;NT;LASERJET P1102W;NT;4;500;192.168.2.139;ec:b1:d7:44:7b:33;MXL2582GPS;985753163;NT;NT;CONSULTA EXTERNA (CONSULTORIO 9)
ECOSALAPARTO;NT;NT;W7;HP;PRO 400G1;I3 4160;LIBRE OFFICE;1887;NT;NT;NT;NT;4;500;192.168.2.142;40:a8:f0:52:a9:f5;MXL43105G2;320352482;NT;NT;MATERNIDAD (SALA DE PARTOS)
PUBLICIDAD;NT;NT;W10;NT;PRO 400G1;I3 4160;MICROSOFT OFFICE 2016 (ACTIVADO);NT;NT;NT;NT;NT;4;240;192.168.2.15;NT;NT;NT;NT;NT;PUBLICIDAD
MICROBIOLOGIA;HOSPITAL;NT;W7;HP;PRO 400G1;I3 4160;MICROSOFT OFFICE 2010 (NO ACTIVADO);464;BECTON;NT;LASERJET PRO M12W;NT;4;500;192.168.2.153;34:64:a9:27:6a:d9;MXL53616FV;952135916;NT;NT;LABORATORIO (MICROBIOLOGIA)
FARMACIA-3;HOSPITAL;NT;W7;HP;PRO 400G1;I3 4160;MICROSOFT OFFICE 2010 (NO ACTIVADO);296;NT;NT;NT;NT;8;500;192.168.2.215;34:64:a9:37:16:28;MXL6072GK7;283461880;NT;NT;FARMACIA
VIGILANTEP4;NT;NT;W7;NT;PRO 400G1;I3 4160;LIBRE OFFICE;NT;NT;NT;NT;NT;4;500;192.168.2.217;c4:34:6b:78:2d:cc;NT;NT;NT;NT;VIGILANCIA
JEFEASOSINTRA;HOSPITAL;NT;W10;HP;PRO 400G1;I3 4160;MICROSOFT OFFICE 2016 (ACTIVADO);1670;NT;NT;NT;NT;4;240;192.168.2.226;00:25:ab:8b:16:c6;NT;NT;NT;NT;ASOSINTRASALUD (GESTION HUMANA)
VENTANILLAAUX;HOSPITAL;NT;W7;HP;PRO 400G1;I3 4160;MICROSOFT OFFICE 2016 (ACTIVADO);87;NT;NT;NT;NT;8;500;192.168.2.231;44:8a:5b:e9:1d:f6;MXL53715DD;881526343;NT;NT;TESORERIA
ORIENTADOR;HOSPITAL;NT;W10;HP;PRO 400G1;I3 4160;MICROSOFT OFFICE 2016 (NO ACTIVADO);78;NT;NT;NT;NT;8;500;192.168.2.38;34:64:a9:35:4d:ae;MXL76072G5Q;411562517;NT;NT;CONSULTA EXTERNA
JEFECALIDAD;HOSPITAL;NT;W7;NT;PRO 400G1;I3 4160;MICROSOFT OFFICE 2010 (NO ACTIVADO);101;NT;NT;NT;NT;4;500;192.168.2.44;34:64:a9:27:6a:e4;MXL53616FM;320777793;NT;NT;CALIDAD
VENTANILLAUNICA;HOSPITAL;NT;W7;HP;PRO 400G1;I3 4160;MICROSOFT OFFICE 2010 (NO ACTIVADO);115;152;5458;ARGOX SAT TT448USP;EPSON DS 970;4;500;192.168.2.47;34:64:a9:29:21:67;NT;NT;NT;NT;VENTANILLA UNICA
TESORERIAAPRENIZ;NT;NT;W7;NT;PRO 400G1;I3 4160;MICROSOFT OFFICE 2013 (ACTIVADO);NT;NT;NT;NO;NO;4;500;192.168.2.5;54:04:a6:62:d7:bd;NT;NT;NT;NT;TESORERIA
OBSTETRICIAEST5;NT;NT;W7;NT;PRO 400G1;I3 4160;MICROSOFT OFFICE 2019 (ACTIVADO);1889;NT;NT;NO;NO;4;500;192.168.2.55;40:a8:f0:47:7c:40;MXL4300FC4;651818152;NT;NT;OBSTETRICIA
REFERENCIA;HOSPITAL;NT;W7;HP;PRO 400G1;I3 4160;MICROSOFT OFFICE 2010 (ACTIVADO) ;131;NT;446;LASERJET M1102W;EPSON L210;8;500;192.168.2.60;34:64:a9:27:6a:62;MXL53616G8;261497160;NT;NT;COORDINACI�N MEDICA
URGENCIASEST2;HOSPITAL;NT;W7;HP;PRO 400G1;I3 4160;LIBRE OFFICE;2522;NT;NT;NT;NT;4;500;192.168.2.87;34:64:a9:29:20:0d;MXL5371Z4W;509149149;NT;NT;URGENCIAS (OBSERVACION)
COBROCOATIVO;HOSPITAL;NT;W10;HP;NT;I3 6100;MICROSOFT OFFICE 2016 (NO ACTIVADO);323;NT;NT;NT;NT;4;1000;192.168.2.25;00:25:ab:97:09:5c;MXL6462CML;262989047;NT;NT;ADMINISTRATIVOS (JURIDICA)
GERENCIAS;HOSPITAL;NT;W1O;HP;NT;I3 6100;MICROSOFT OFFICE 2016 (ACTIVADO);243;NT;NT;NT;NT;4;500;192.168.2.3;00:25:ab:97:e8:83;MXL6462cm6;118850627;NT;NT;SECRETARIA GERENECIAS (ADMINISTRATIVOS)
UCIADULTO2;NT;NT;W11;HP;NT;I5 10500;LIBRE OFFICE;NT;NT;NT;NT;NT;8;500;192.168.2.240;B0-22-7A-22-0F-F6;1CZ11305SX;543840882;NT;NT;UCI
SALACOVID8;NT;NT;W10;NT;NT;I5 10500;LIBRE OFFICE;NT;NT;NT;NT;NT;8;500;192.168.2.35;NT;NT;NT;NT;NT;UCI
UCIADULTO3;NT;NT;W11;HP;NT;I5 10500;LIBRE OFFICE;4974;NT;NT;NT;NT;8;475;192.168.2.40;b0:22:7a:21:d2:53;1CZ11302V4;235319464;NT;NT;UCI
FACTURACIONJEFE;HOSPITAL;NT;W10;JANUS;NT;I5 11400F;MICROSOFT OFFICE 2019 (ACTIVADO);5448;NT;NT;NT;NT;8;480;192.168.2.200;9c:6b:00:56:26:9d;240504685191;1491948254;NT;NT;FACTURACION
RADICACIONJEFE;HOSPITAL;NT;W10;JANUS;NT;I5 11400F;MICROSOFT OFFICE 2016 (ACTIVADO);5449;NT;NT;NT;NT;8;480;192.168.2.238;9c:6b:00:56:1f:60;NT;1167808420;NT;NT;RADICACION
PRESUPUESTO;HOSPITAL;Excelente;W7;HP;NT;I5 3470S;MICROSOFT OFFICE 2013 (ACTIVADO);104;4357;NT;LASERJET M102W;NT;4;500;192.168.2.10;78:e3:b5:bb:49:cc;MXL31023Z2;116 532 819;LEIDY;EQUIPO EN EXCELENTE ESTADO;ADMINISTRATIVOS (CONTABILIDAD Y PRESUPUESTO)
"SERVERWINP	";NT;NT;W7;NT;NT;I5 3470S;MICROSOFT OFFICE 2010 (NO ACTIVADO);NT;NT;NT;LASERJET M102W;NO;6;2500;192.168.2.222;78:e3:b5:bb:49:91;NT;NT;NT;NT;SISTEMAS
GESTIONHAUX-HP;NT;NT;W7;NT;NT;I5 3470S;MICROSOFT OFFICE 2013 (ACTIVADO);69;NT;NT;NO;NO;4;500;192.168.2.4;78:e3:b5:bb:4a:33;MXL31023YG;886 202 112;NT;NT;ADMINISTRATIVOS (TALENTO HUMANO)
MXL43711RH;ANNAR DX;Excelente;W7;HP;NT;I5 4570;LIBRE OFFICE;NT;NT;NT;NT;NT;4;500;192.168.2.114;c4:34:6b:57:cb:ba;MXL43711RH;281873214;ENFERMERA DE TURNO;EQUIPO EN EXCELENTE ESTADO;LABORATORIO
CONTABILIDADA;HOSPITAL;Excelente;W10;HP;NT;I5 4590;MICROSOFT OFFICE 2016 (ACTIVADO);135;NT;NT;NT;NT;4;500;192.168.2.11;c4:34:6b:63:01:d6;mxl4371kj3;861250374;MARGI;EQUIPO EN EXCELENTE ESTADO;ADMINISTRATIVOS (TESORERIA)
SUBADMIN;HOSPITAL;NT;W7;HP;NT;I5 4590;MICROSOFT OFFICE 2010 (NO ACTIVADO);217;NT;NT;NT;NO;4;500;192.168.2.228;c4:34:6b:63:01:d8;MXL4371KJB;174 762 440;NT;NT;ADMINISTRATIVOS (ESTADISTICA)
DESKTOP LF4VDS8;NT;NT;W10;NT;NT;I5 6200U;MICROSOFT OFFICE 2010 (NO ACTIVADO);NT;NT;NT;NO;NO;4;500;192.168.2.162;a8:1e:84:b7:45:6c;NT;NT;NT;NT;AUDITORIA
UCOORDINADOR;HOSPITAL;Excelente;W10;HP;NT;I5 6500;MICROSOFT OFFICE 2016 (ACTIVADO);2196;NT;NT;NT;NT;8;1000;192.168.2.100;c8:d3:ff:a4:97:49;MXL7232HWL;755898173;DR HASAAN;EQUIPO EN EXCELENTE ESTADO;COORDINACI�N MEDICA
ESTADISTICASJ;NT;NT;W10;NT;NT;I5 6500;MICROSOFT OFFICE 2016 (ACTIVADO);NT;NT;NT;LASERJET P1102W;NO;8;1000;192.168.2.102;c8:d3:ff:a4:94:20;NT;NT;NT;NT;ADMINISTRATIVOS (SUBGERENCIA)
FARMACIAJ;HOSPITAL;Excelente;W10;HP;NT;I5 6500;MICROSOFT OFFICE 2016 (ACTIVADO);2149;3619;NT;LASERJET M102W;NT;8;1000;192.168.2.104;c8:d3:ff:a4:93:b1;MXL7232HXJ;311540673;MILE;EQUIPO EN EXCELENTE ESTADO;FARMACIA
LABORATORIOCALIDAD;HOSPITAL;Excelente;W10 PRO;HP;NT;I5 6500;MICROSOFT OFFICE 2016 (NO ACTIVADO);2632;NT;NT;NT;NT;8;1000;192.168.2.106;c8:d3:ff:a1:db:e5;MXL7192Q8Q;NT;ENFERMERA DE TURNO;EQUIPO EN EXCELENTE ESTADO;LABORATORIO
FARMACIA2;HOSPITAL;Excelente;W10;HP;NT;I5 6500;LIBRE OFFICE;3336;NT;NT;NT;NT;8;1000;192.168.2.108;C8:d3:ff:a4:99:67;MXL7232HT;998954018;REGENTE DE TURNO;"EQUIPO EN EXCELENTE ESTADO
";FARMACIA
CONTROLINTERNO;HOSPITAL;Excelente;W10;HP;NT;I5 6500;MICROSOFT OFFICE 2010 (ACTIVADO);3217;3215;NT;LASERJET M102W;NT;8;1000;192.168.2.112;c8:d3:ff:a1:de:ef;MXL7192Q5B;1 025 693 519;GISSEL;EQUIPO EN EXCELENTE ESTADO;ADMINISTRATIVOS (CONTROLINTERNO)
CONTABILIDAD;HOSPITAL;NT;W10;HP;NT;I5 6500;MICROSOFT OFFICE 2016 (NO ACTIVADO);3124;NT;NT;NT;NT;8;250;192.168.2.12;c8:d3:ff:a4:94:61;MXL7232HXZ;506426045;NT;NT;ADMINISTRATIVOS (CONTABILIDAD Y PRESUPUESTO)
TESORERIA;HOSPITAL;NT;W10;HP;NT;I5 6500;MICROSOFT OFFICE 2016 (ACTIVADO);3125;NT;NT;NT;NT;8;1000;192.168.2.13;c8:d3:ff:a4:96:ed;MXL7232HVW;175971512;NT;NT;ADMINISTRATIVOS (TESORERIA)
SISTEMASJ;NT;NT;W10;NT;NT;I5 6500;MICROSOFT OFFICE 2010 (NO ACTIVADO);NT;NT;NT;RED;NO;8;1000;192.168.2.149;NT;NT;NT;NT;NT;SISTEMAS
GESTIONJEFE;HOSPITAL;NT;W10;HP;NT;I5 6500;MICROSOFT OFFICE 2016 (ACTIVADO);3168;90;NT;LASERJET M426DW;NT;8;1000;192.168.2.152;c8:d3:ff:a1:db:a8;MXL7192NLB;741177040;NT;NT;ADMINISTRATIVOS (TALENTO HUMANO)
JEFECARTERA;HOSPITAL;NT;W10;HP;NT;I5 6500;MICROSOFT OFFICE 2010 (NO ACTIVADO);3151;NT;NT;NT;NT;8;250;192.168.2.16;c8:d3:ff:a1:dc:c4;MXL7192Q7B;572 516 309;NT;NT;ADMINISTRATIVOS (CARTERA)
PROCESOS;HOSPITAL;NT;W10;HP;NT;I5 6500;MICROSOFT OFFICE 2016 (ACTIVADO);NT;NT;NT;NT;NT;8;1000;192.168.2.160;C8:D3:FF:A4:97:64;MXL7232HWN;1 914 765 618;NT;NT;ADMINISTRATIVOS (JURIDICA)
PEDIATRIACONS;NT;NT;W10;HP;NT;I5 6500;MICROSOFT OFFICE 2016;4682;NT;NT;NT;NT;8;1000;192.168.2.194;c8:d3:ff:a4:95:13;MXL7232HV3;875765032;NT;NT;PEDIATRIA
JURIDICAJ;HOSPITAL;NT;W10;HP;NT;I5 6500;MICROSOFT OFFICE 2016 (ACTIVADO);3178;NT;NT;NT;NT;8;1000;192.168.2.20;c8:d3:ff:a4:93:fc;MXL7232HV4;970459996;NT;NT;ADMINISTRATIVOS (JURIDICA)
LABORATORIOJEFE;NT;NT;W10;NT;NT;I5 6500;MICROSOFT OFFICE 2010 (NO ACTIVADO);NT;NT;NT;EPSON L210;NO;8;1000;192.168.2.219;c8:de:ff:a4:95:87;NT;NT;NT;NT;LABORATORIO
SUBADMINJ;NT;NT;W10;NT;NT;I5 6500;MICROSOFT OFFICE 2016 (ACTIVADO);NT;NT;NT;LASERJET 501;NT;8;1000;192.168.2.220;c8:de:ff:a4:95:06;NT;NT;NT;NT;ADMINISTRATIVOS(GERENCIA)
LABTRASNFUNCIONAL;HOSPITAL;NT;W10;HP;NT;I5 6500;MICROSOFT OFFICE 2016 (ACTIVADO);2580;NT;NT;NT;NT;8;1000;192.168.2.23;C8:D3:FF:A4:97:05;MXL7232HVS;NT;NT;NT;LABORATORIO
SISTEMASJ;NT;NT;W10;NT;NT;I5 6500;MICROSOFT OFFICE 2010 (NO ACTIVADO);NT;NT;NT;NT;NT;8;240;192.168.2.234;NT;NT;NT;NT;NT;SISTEMAS
GERENCIA;NT;NT;W10;NT;NT;I5 6500;MICROSOFT OFFICE 2016 (ACTIVADO);NT;NT;NT;NT;NT;8;1000;192.168.2.245;c8:d3:ff:a4:95:0b;NT;NT;NT;NT;ADMINISTRATIVOS(GERENCIA)
CXINGRE1;NT;NT;W10;NT;NT;I5 6500;LIBRE OFFICE;2874;3163;NT;LASERJET M102W;NT;8;1000;192.168.2.253;c8:d3:ff:a1:de:f4;MXL7192Q5D;717747037;NT;NT;CIRUGIA
JURIDCACARTERAJ;HOSPITAL;NT;W10;HP;NT;I5 6500;MICROSOFT OFFICE 2016 (ACTIVADO);3191;NT;NT;NT;NT;8;1000;192.168.2.28;c8:d3:ff:a1:dc:1e;MXL7192Q8T;489 305 536;NT;NT;ADMINISTRATIVOS (JURIDICA CARTERA)
ALMACENJ;HOSPITAL;NT;W10;HP;NT;I5 6500;MICROSOFT OFFICE 2016 (ACTIVADO);3356;NT;NT;NT;NT;8;1000;192.168.2.43;c8:d3:ff:a4:94:c0;MXL7232HX8;354794120;NT;NT;ALMACEN
BIOMEDICA;HOSPITAL;NT;W10;HP;NT;I5 6500;MICROSOFT OFFICE 2016 (NO ACTIVADO);3382;3249;NT;HP PRO M102w;NT;8;1000;192.168.2.48;"c8:d3:ff:a4:94;06";MXL7232HX7;201257970;NT;NT;BIOMEDICA
CONSMATERNIDAD;NT;NT;W10;HP;NT;I5 6500;LIBRE OFFICE;3742;3353;NT;LASERJET M102W;NT;8;1000;192.168.2.51;c8:d3:ff:a4:93:bf;MXL7232HXQ;130588271;NT;NT;MATERNIDAD (CONSULTORIO 1)
SALAPARTO-1;NT;NT;W10;HP;NT;I5 6500;LIBRE OFFICE;3794;NT;NT;NT;NT;8;1000;192.168.2.52;c8:d3:ff:a4:93:a8;MXL7232HXR;808261450;NT;NT;MATERNIDAD (SALA DE PARTOS)
SALAPARTO2;NT;NT;W10;HP;NT;I5 6500;LIBRE OFFICE;3796;NT;NT;NT;NT;8;1000;192.168.2.53;c8:d3:ff:a1:dc:e6;MXL7192Q8C;306066747;NT;NT;MATERNIDAD (SALA DE PARTOS)
SALAPARTO3;NT;NT;W10;HP;NT;I5 6500;LIBRE OFFICE;3795;NT;NT;NO;NO;8;1000;192.168.2.54;c8:d3:ff:a4:93:98;MXL7232HXN;414472736;NT;NT;MATERNIDAD (SALA DE PARTOS)
CXEST1;NT;NT;W10;NT;NT;I5 6500;LIBRE OFFICE;2781;NT;NT;NT;NT;8;1000;192.168.2.56;c8:d3:ff:a4:93:a3;MXL7232HXH;383349179;NT;NT;CIRUGIA
CXEXT2;NT;NT;W10;NT;NT;I5 6500;LIBRE OFFICE;2782;NT;NT;NT;NT;8;1000;192.168.2.57;c8:d3:ff:a4:96:6d;MXL7232HW1;502883655;NT;NT;CIRUGIA
CXEXT3;NT;NT;W10;NT;NT;I5 6500;LIBRE OFFICE;2784;532;NT;EPSON L210;NT;8;1000;192.168.2.58;c8:d3:ff:a4:96:89;MXL7232HTY;136438814;NT;NT;CIRUGIA
CXINGRE2;NT;NT;W10;NT;NT;I5 6500;LIBRE OFFICE;2875;NT;NT;NT;NT;8;1000;192.168.2.61;c8:d3:ff:a1:de:5a;MXL7192Q5K;827152264;NT;NT;CIRUGIA
CXJEFE2;NT;NT;W10;NT;NT;I5 6500;LIBRE OFFICE;2879;NT;NT;NT;NT;8;1000;192.168.2.63;c8:d3:ff:a4:95:00;MXL7232HV7;982658386;NT;NT;CIRUGIA
PEDIATRIAEST1;NT;NT;W10;HP;NT;I5 6500;MICROSOFT OFFICE 2016 (NO ACTIVADO);3422;NT;NT;NT;NT;8;1000;192.168.2.64;c8:d3:ff:a4:94:3f;MXL7232HYG;592346872;NT;NT;PEDIATRIA
PEDIATRIAEST2;NT;NT;W10;HP;NT;I5 6500;LIBRE OFFICE;3423;NT;NT;NT;NT;8;1000;192.168.2.65;c8:d3:ff:a4:93:f9;MXL7232HX6;698022607;NT;NT;PEDIATRIA
PEDIATRIAEST3;NT;NT;W10;HP;NT;I5 6500;LIBRE OFFICE;3424;NT;NT;NT;NT;8;1000;192.168.2.66;?C8-D3-FF-A4-94-C8;MXL7232HWB;141255695;NT;NT;PEDIATRIA
PEDIATRIANEO;NT;NT;W10;HP;NT;I5 6500;LIBRE OFFICE;3005;NT;NT;NT;NT;8;1000;192.168.2.67;c8:d3:ff:a4:99:4f;MXL7232HTT;237508429;NT;NT;PEDIATRIA
OBSTETRICIAEST2;NT;NT;W10;HP;NT;I5 6500;LIBRE OFFICE;3491;NT;NT;NT;NT;8;1000;192.168.2.72;c8:d3:ff:a1:e0:16;MXL7192Q4R;915248107;NT;NT;OBSTETRICIA
OBSTETRICIAEST3;NT;NT;W10;HP;NT;I5 6500;LIBRE OFFICE;3492;NT;NT;NT;NT;8;1000;192.168.2.73;c8:d3:ff:a4:95:e6;MXL7232HV0;650503404;NT;NT;OBSTETRICIA
QXEST2;NT;NT;W10;HP;NT;I5 6500;LIBRE OFFICE;3514;NT;NT;NT;NT;8;1000;192.168.2.76;c8:d3:ff:a4:93:e8;MXL7232HXC;461907280;NT;NT;MEDICO QUIRURJICA
QXEST3;NT;NT;W10;HP;NT;I5 6500;LIBRE OFFICE;3515;NT;NT;NT;NT;8;1000;192.168.2.77;c8:d3:ff:a4:93:d3;MXL7232HX5;700732959;NT;NT;MEDICO QUIRURJICA
QXEST1;NT;NT;W10;HP;NT;I5 6500;MICROSOFT OFFICE 2010 (NO ACTIVADO);3513;NT;NT;NT;NT;8;1000;192.168.2.78;c8:d3:ff:a4:94:0d;MXL7232HXB;745458623;NT;NT;MEDICO QUIRURJICA
MIEST1;NT;NT;W10;HP;NT;I5 6500;LIBRE OFFICE;3449;NT;NT;NT;NT;8;1000;192.168.2.79;c8:d3:ff:a4:95:89;MXL7232HWC;523526378;NT;NT;MEDICINA INTERNA
MIEST2;NT;NT;W10;HP;NT;I5 6500;LIBRE OFFICE;NT;NT;NT;NT;NT;8;1000;192.168.2.81;c8:d3:ff:a4:94:63;MXL7232HY7;783197428;NT;NT;MEDICINA INTERNA
MIEST3;NT;NT;W10;HP;NT;I5 6500;MICROSOFT OFFICE 2010 (NO ACTIVADO);3451;NT;NT;NT;NT;8;1000;192.168.2.82;c8:d3:ff:a4:95:79;MXL7232HWH;845923970;NT;NT;MEDICINA INTERNA
URGENCIAEST1;HOSPITAL;NT;W10;HP;NT;I5 6500;LIBRE OFFICE;2521;NT;NT;NT;NT;8;1000;192.168.2.86;c8:d3:ff:a4:93:9b;MXL7232HXD;1563799766;NT;NT;URGENCIAS (OBSERVACION)
URGENCIASST2;HOSPITAL;NT;W10;HP;NT;I5 6500;MICROSOFT OFFICE 2010 (ACTIVADO);2532;NT;NT;NT;NT;8;1000;192.168.2.88;c8:d3:ff:a4:96:e5;MXL7232HV6;795343899;NT;NT;URGENCIAS (OBSERVACION)
URGENCIASST4;HOSPITAL;NT;W10;HP;NT;I5 6500;LIBRE OFFICE;2520;NT;NT;NT;NT;8;1000;192.168.2.89;c8:d3:ff:a4:93:fe;MXL7232HX9;544923907;NT;NT;URGENCIAS
URGENCIAEST5;HOSPITAL;NT;W10;HP;NT;I5 6500;LIBRE OFFICE;2519;NT;NT;NT;NT;8;1000;192.168.2.90;c8:d3:ff:a4:93:68;MXL7232HXT;786599236;NT;NT;URGENCIAS (OBSERVACION)
URGENCIASEST6;HOSPITAL;NT;W10;HP;NT;I5 6500;LIBRE OFFICE;2214;NT;NT;NO;NO;8;1000;192.168.2.91;c8:d3:ff:a4:96:ac;MXL7232HWM;724739239;NT;NT;URGENCIAS (OBESERVACION)
URGENCIASST3;HOSPITAL;NT;W10;HP;NT;I5 6500;LIBRE OFFICE;2518;NT;NT;NT;NT;8;1000;192.168.2.92;c8:d3:ff:a4:95:a5;MXL7232HW5;990029281;NT;NT;URGENCIAS (OBSERVACION)
URGENCIASEST8;HOSPITAL;NT;W10;HP;NT;I5 6500;MICROSOFT OFFICE 2010 (NO ACTIVADO);3681;NT;NT;NT;NT;8;1000;192.168.2.95;c8:d3:ff:a4:99:3d;MXL7232HTH;743409525;NT;NT;URGENCIAS(CONSULTORIO2)
URGENCIASEST9;HOSPITAL;NT;W10;HP;NT;I5 6500;MICROSOFT OFFICE 2016 (NO ACTIVADO);NT;NT;NT;NT;NT;8;1000;192.168.2.96;c8:d3:ff:a3:70:38;MXL7211XDZ;709715519;NT;NT;URGENCIAS(TRAUMA)
URGENCIACON1;HOSPITAL;NT;W10;HP;NT;I5 6500;MICROSOFT OFFICE 2010 (NO ACTIVADO);2166;NT;NT;NT;NT;8;1000;192.168.2.97;c8:d3:ff:a4:97:00;MXL7232HVR;273701272;NT;NT;URGENCIAS(CONSULTORIOS)
URGENCIASCON2;HOSPITAL;NT;W10;HP;NT;I5 6500;MICROSOFT OFFICE 2016 (ACTIVADO);NT;NT;NT;NT;NT;8;1000;192.168.2.98;c8:d3:ff:a4:97:27;MXL7232HVN;115934790;NT;NT;URGENCIAS(TRAUMA)
ASOSINTRARH;ASOSINTRASALUD;NT;W10;HP;NT;I5 6600;MICROSOFT OFFICE 2016 (NO ACTIVADO);NT;NT;NT;HP LASERJET PRO M227 FDW;NT;8;240;192.168.2.198;e0:3f:49:54:f4:eb;NT;NT;NT;NT;ASOSINTRASALUD (GESTION HUMANA)
REVALIDADOR;ASOSINTRASALUD;NT;W10;HP;NT;I5 6600;MICROSOFT OFFICE 2010 (ACTIVADO);NT;NT;NT;NT;NT;8;500;192.168.2.233;00:25ab:97:de;NT;NT;NT;NT;ASOSINTRASALUD RADICACION
RADICACION;ASOSINTRASALUD;Regular;WIN10;HP;NT;I5 7200;Oficce 2016;NT;Nt;Nt;Nt;Nt;4;1000;Nt;Nt;8CC9172WY5;NT;ISIS;EQUIPO REQUIERE CAMBIO DE DISCO YA QUE SE REELENTILIZA;RADICACION
RADICACION;ASOSINTRASALUD;NT;W10;HP;NT;I5 7200U;MICROSOFT OFFICE 2013 (NO ACTIVADO);NT;NT;NT;NT;NT;4;1000;192.168.2.163;c4:65:16:b2:8b:5e;NT;NT;NT;NT;ASOSINTRASALUD RADICACION
TRIAGEFACT;ASOSINTRASALUD;NT;W10;HP;NT;I5 7200U;MICROSOFT OFFICE 2010 (NO ACTIVADO);NT;NT;NT;NT;NT;8;240;192.168.2.169;c4:65:16:b2:8c:95;NT;NT;NT;NT;ASOSINTRASALUD URGENCIAS(FACTURACION)
CONTROLTRIAGE;ASOSINTRASALUD;NT;W10;HP;NT;I5 7200U;MICROSOFT OFFICE 2016;NT;NT;NT;NT;NT;4;1000;192.168.2.170;e4:e7:49:4f:e2:96;NT;NT;NT;NT;ASOSINTRASALUD URGENCIAS(FACTURACION)
FACTURACIONLAB;ASOSINTRASALUD;NT;W10;HP;NT;I5 7200U;MICROSOFT OFFICE 2016 (NO ACTIVADO);NT;491;NT;HP LASERJET P1102W;NT;8;1000;192.168.2.176;ea:e7:49:4f:e2:9e;NT;708143895;NT;NT;LABORATORIO (FACTURACION)
AUTORIZACIONES2;ASOSINTRASALUD;NT;W10;HP;NT;I5 7200U;MICROSOFT OFFICE 2010 (NO ACTIVADO);NT;NT;NT;NT;NT;8;1000;192.168.2.181;c4:65:16:b2:8b:7d;NT;NT;NT;NT;ASOSINTRASALUD MATERNIDAD(FACTURACION)
FACTMATERNIDAD;ASOSINTRASALUD;NT;W10;HP;NT;I5 7200U;MICROSOFT OFFICE 2010 (NO ACTIVADO);NT;NT;NT;NT;NT;8;1000;192.168.2.208;c4:65:16:b2:8a:60;NT;196720043;NT;NT;ASOSINTRASALUD MATERNIDAD(FACTURACION)
URGENCIASFAC1;ASOSINTRASALUD;NT;W10;HP;NT;I5 7200U;MICROSOFT OFFICE 2010 (NO ACTIVADO);NT;NT;NT;NT;NT;8;1000;192.168.2.213;b0:0c:d1:55:e5:62;NT;1 353 099 367;NT;NT;ASOSINTRASALUD FACTURACION PISO
AUDITORIAPISO2;ASOSINTRASALUD;NT;W10;HP;NT;I5 7200U;MICROSOFT OFFICE 2016 (ACTIVADO);NT;NT;NT;NT;NT;8;1000;192.168.2.214;b0:0c:d1:55:e6:078;NT;NT;NT;NT;ASOSINTRASALUD FACTURACION PISO
FACTCON3;ASOSINTRASALUD;NT;W10;HP;NT;I5 7200U;MICROSOFT OFFICE 2010 (NO ACTIVADO);NT;NT;NT;NT;NT;8;1000;192.168.2.242;50:7b:9d:dd:70:4c;NT;126796328;NT;NT;ASOSINTRASALUD FACTURACION CONSULTA EXTERNA
AUDITORIAASOSINTRAINT;ASOSINTRASALUD;NT;W10;HP;NT;I5 7400;MICROSOFT OFFICE 2013 (NO ACTIVADO);NT;NT;NT;NT;NT;4;1000;192.168.2.161;30:9c:23:40:a9:2a;NT;NT;NT;NT;ASOSINTRASALUD AUDITORIA
FACTURACION2;ASOSINTRASALUD;NT;W10;COMPUMAX;NT;I5 7400;MICROSOFT OFFICE 2010 (NO ACTIVADO);NT;NT;NT;NT;NT;8;1000;192.168.2.175;1c:1b:0d:a5:35:68;NT;NT;NT;NT;ASOSINTRASALUD FACTURACION PISO
FACTURACION1;ASOSINTRASALUD;NT;W10;GENERICA;NT;I5 7400;MICROSOFT OFFICE 2010 (NO ACTIVADO);NT;NT;NT;KYOCERA M3040DN;NT;8;1000;192.168.2.179;30:9c:23:40:a7:fd;NT;683634393;NT;NT;ASOSINTRASALUD FACTURACION PISO
SINTRASALUDJEFE;SINTRASALUD;Excelente;W10;COMPUMAX;NT;I5 9400F;MICROSOFT OFFICE 2019 (ACTIVADO);NT;NT;NT;NT;NT;8;1000;192.168.2.107;?2C-F0-5D-B1-4D-20;NT;NT;MARIANI;EQUIPO EN EXCELENTE ESTADO;SINTRASALUD
UCIADULTO1;NT;NT;W11;HP;NT;i5-10500;LIBRE OFFICE;4973;NT;NT;NT;NT;8;475;192.168.2.154;B0-22-7A-21-D4-34;1CZ11302TW;764 392 065;NT;NT;UCI
UCIADULTO4;NT;NT;W10 Pro;HP;NT;i5-6500;LIBRE OFFICE;4194;NT;NT;NT;NT;8;1000;192.168.2.33;C8-D3-FF-A4-93-92;MXL7232HXS;987270579;NT;NT;UCI
TRIAGEFACT;NT;NT;W7;HP;NT;i5-7200U;MICROSOFT OFFICE 2010 (NO ACTIVADO);NT;NT;NT;NT;NT;8;1000;192.168.2.235;C4-65-16-B2-8C-95;NT;675195378;NT;NT;ASOSINTRASALUD URGENCIAS(CAJA)
REGISTRADURIA;NT;NT;W10;JANUS;NT;I5-9400;MICROSOFT OFFICE 2016 (ACTIVADO);NT;NT;NT;HP LASER JET PRO M130FW;NT;8;1000;192.168.2.221;2C-F0-5D-6C-46-3A;NT;NT;NT;NT;REGISTRADURIA
CUENTASMEDICASS;HOSPITAL;NT;W10;HP;NT;I7 4510U;MICROSOFT OFFICE 2016 (ACTIVADO);238;NT;NT;NT;NT;8;250;192.168.2.6;38:63:bb:86:02:92;CND44250SW;561 686 749;NT;NT;ADMINISTRATIVOS (CUENTAS MEDICAS)
CONSEXT3;NT;NT;W7;NT;NT;I7 4790;LIBRE OFFICE;4104;NT;NT;LASERJET P1102W;NO;8;500;192.168.2.120;ec:b1:d7:2c:30:9f;MXL5212RD4;941259224;NT;NT;CONSULTA EXTERNA (CONSULTORIO 3)
CONSEXTERNA1;NT;NT;W7;NT;NT;I7 4790;LIBRE OFFICE;1064;1988;NT;LASERJET P1102W;NT;8;500;192.168.2.124;ec:b1:d7:2c:33:a4;MXL5212RCY;859432010;NT;NT;CONSULTA EXTERNA (CONSULTORIO 1)
EPI-SERVER;BECTON;NT;W10 PRO;HP;NT;I7 6700;LIBRE OFFICE;NT;NT;NT;NT;NT;8;1000;192.168.2.130;84:16:f9:02:75:f1;9JQSDH2;NT;NT;NT;LABORATORIO (ANTIBIOGRAMA)
WINDOWS-2MUKM68;ANNAR DX;NT;Windows 10 enterprice;HP;NT;INTEL CELERON G540 2.50GHZ;NT;NT;NT;NT;NT;NT;4GB;500GB;192.168.1.13;00:20:FC:02:42:CF;NT;NT;NT;NT;LABORATORIO
TRABAJODIGNOJ;TRABAJO DIGNO;NT;W10;LENOVO;NT;Intel(R) Core(TM) i5-5200U CPU ;OFFICE 2010(ACTIVADO);NT;NT;NT;EPSON L4260;NT;4GB;1000GB;192.168.2.132;00:25:AB:86:91:3B;P900X9L7;NT;NT;NT;TRABAJO DIGNO
KYOCERA P3145dn;HOSPITAL;NT;NT;KYOCERA;NT;NT;NT;NT;5455;NT;NT;NT;NT;NT;192.168.1.137;FE80::217:C8FF:FEE7:9B1B;R4H2X38638;NT;NT;NT;FARMACIA
HP LASSERET PRO MFP M127fn;HOSPITAL;NT;NT;HP;NT;NT;NT;0577;NT;NT;NT;NT;NT;NT;192.168.1.24;3C:A8:2A:07:E8:8A;CNB9H4H78X;354794120;NT;NT;ALMACEN
KME7E067 P3145dn;HOSPITAL;NT;NT;NT;NT;NT;NT;5451;NT;NT;NT;NT;NT;NT;192.168.1.28;NT;R4H2X39585;NT;NT;NT;URGENCIAS (OBSERVACION)
KYOCERA P3145dn;HOSPITAL;Excelente;NT;KYOCERA;NT;NT;NT;5452;NT;NT;NT;NT;NT;NT;192.168.1.29;NT;R4H2X39684;NT;NT;Impresora en excelente condiciones;URGENCIAS (TRAUMA)
KME7E0B6 P3145dn;HOSPITAL;NT;NT;NT;NT;NT;NT;NT;NT;NT;NT;NT;NT;NT;192.168.1.39;NT;R4HX39465;NT;NT;NT;URGENCIAS(FACTURACION)
HANGZHOU HIKVISION;HOSPITAL;Excelente;NT;NT;NT;NT;NT;NT;NT;NT;NT;NT;0;0;192.168.2.105;44:47:cc:b0:2c:eb;NT;NT;VIGILANCIA;EQUIPO EN BUEN ESTADO;CAMARAS
AUDITORIA2-PC;NT;NT;W7;NT;NT;NT;NT;NT;NT;NT;NT;NT;NT;NT;192.168.2.129;NT;NT;NT;NT;NT;AUDITORIA
LASERJET 400 MFP M425;HOSPITAL;NT;NT;HP;NT;NT;NT;237;NT;NT;RED;NT;NT;NT;192.168.2.135;14:58:d0:40:66:7d;CNF8G88D1Z;NT;NT;NT;ADMINISTRATIVOS (TESORERIA)
HP7F09EB HP MFP 428FDW;HOSPITAL;NT;NT;HP;NT;NT;NT;5098;NT;NT;NT;NT;NT;NT;192.168.2.137;54:04:a6:5f:44:20;CNDRP3YD4G;NT;NT;NT;LABORATORIO
KYOCERA M3040idn;ASOSINTRASALUD;Malo;NT;KYOCERA;NT;NT;NT;NT;NT;NT;NT;NT;NT;NT;192.168.2.151;00:17:C8:54:BD:69;NT;NT;FACTURADORAS;NO FUNCIONA PARA IMPRIMIR SOLO SIRVE COMO ESCANER, NECESITA CAMBIOS DE RODILLOS DE UNIDAD FUSORA Y CAMBIO DE TONER;ASOSINTRASALUD FACTURACION CONSULTA EXTERNA
KYOCERA 3040 idn;ASOSINTRASALUD;Regular;NT;NT;NT;NT;NT;NT;NT;NT;NT;NT;NT;NT;192.168.2.156;1c:1b:0d:a5:35:68;NT;NT;FACTURADORES;FUNCIONA PARA IMPRIMIR Y ESCANEAR,  PERO ES NECESARIO MANTENIMIENTO EN LA UNIDAD FUSORA YA QUE LAS HOJAS SALEN MANCHADAS.;ASOSINTRASALUD FACTURACION PISO
KYOCERA 3040 dni;ASOSINTRASALUD;NT;NT;KYOCERA;NT;NT;NT;NT;NT;NT;NT;NT;NT;NT;192.168.2.173;NT;NT;NT;NT;NT;ASOSINTRASALUD AUDITORIA
HP LASERJET PRO M501DN;NT;NT;NT;NT;NT;NT;NT;NT;NT;NT;NO;NT;NT;NT;192.168.2.185;70:5a:0f:a8:85:ec;NT;NT;NT;NT;PEDIATRIA
FS-2100DN KM42FDB;ASOSINTRASALUD;NT;NT;KYOCERA;NT;NT;NT;NT;NT;NT;NT;NT;NT;NT;192.168.2.186;NT;NT;NT;NT;NT;ASOSINTRASALUD MATERNIDAD(FACTURACION)
RICOH 301;NT;NT;NT;NT;NT;NT;NT;NT;NT;NT;NT;NT;NT;NT;192.168.2.187;00:26:73:81:48:76;NT;NT;NT;NT;DARSERVICIOS
MODEM AUDITORIA;NT;NT;NT;NT;NT;NT;NT;NT;NT;NT;NT;NT;NT;NT;192.168.2.193;NT;NT;NT;NT;NT;AUDITORIA
LASERJET M501;NT;NT;NT;NT;NT;NT;NT;NT;NT;NT;RED;NT;NT;NT;192.168.2.196;70:5a:0f:a8:26:e9;NT;NT;NT;NT;UCI
LASERJET M501;NT;NT;NT;HP;NT;NT;NT;3797;NT;NT;RED;NT;NT;NT;192.168.2.197;fc:3f:db:bd:1b:a6;NT;NT;NT;NT;MATERNIDAD (SALA DE PARTOS)
LASERJET M501;NT;NT;NT;HP;NT;NT;NT;3387;NT;NT;NT;NT;NT;NT;192.168.2.199;70:5a:0f:a8:26:ea;NT;NT;NT;NT;CUARTO PISO
TOSHIBA STUDIO 355SE;SINTRASALUD;NT;NT;NT;NT;NT;NT;NT;NT;NT;NT;NT;NT;NT;192.168.2.201;00:80:91:6f:f9:17;NT;NT;NT;NT;SINTRASALUD
LASERJET PRO MFP M426DW;HOSPITAL;NT;NT;HP;NT;NT;NT;90;NT;NT;NT;NT;NT;NT;192.168.2.206;94:57:A5:D1:1:82;NT;NT;NT;NT;RECUROS HUMANOS
MFP M227FDW;ASOSINTRASALUD;NT;NT;NT;NT;NT;NT;NT;NT;NT;NT;NT;NT;NT;192.168.2.236;NT;NT;NT;NT;NT;ASOSINTRASALUD (GESTION HUMANA)
LASERJET M501;HOSPITAL;NT;NT;HP;NT;NT;NT;2785;NT;NT;RED;NT;NT;NT;192.168.2.244;NT;PHBTR04335;NT;NT;NT;ADMINISTRATIVOS (JURIDICA)
KYOCERA M3040idn;ASOSINTRASALUD;Malo;NT;KYOCERA;NT;NT;NT;NT;NT;NT;RED;NT;NT;NT;192.168.2.41;NT;NT;NT;FACTURADORAS;NO FUNCIONA PARA IMPRIMIR SOLO SIRVE COMO ESCANER, NECESITA CAMBIOS DE RODILLOS DE UNIDAD FUSORA Y CAMBIO DE TONER;ASOSINTRASALUD URGENCIAS(FACTURACION)
LASERJET M501;NT;NT;NT;HP;NT;NT;NT;NT;NT;NT;RED;NO;NT;NT;192.168.2.75;a0:8c:fd:10:4d:ad;NT;NT;NT;NT;MEDICO QUIRURJICA
LASERJET M501;NT;NT;NT;HP;NT;NT;NT;3452;NT;NT;RED;NT;NT;NT;192.168.2.83;fc:3f:db:bd:2b:63;NT;NT;NT;NT;MEDICINA INTERNA
EPSON L5190;ASOSINTRASALUD;NT;NT;EPSON L5190;NT;NT;NT;NT;NT;NT;NT;NT;NT;NT;NT;NT;NT;NT;NT;NT;"ASOSINTRASALUD MATERNIDAD(FACTURACION)	"
KODAK S2070;ASOSINTRASALUD;NT;NT;KODAK;NT;NT;NT;NT;NT;NT;NT;NT;NT;NT;NT;NT;NT;NT;NT;NT;ASOSINTRASALUD RADICACION
EPSON DS 530;ASOSINTRASALUD;NT;NT;EPSON;NT;NT;NT;NT;NT;NT;NT;NT;NT;NT;NT;NT;X2HJ144571;NT;NT;NT;ASOSINTRASALUD FACTURACION PISO
EPSON DS-530;ASOSINTRASALUD;NT;NT;EPSON;NT;NT;NT;NT;NT;NT;NT;NT;NT;NT;NT;NT;X2H9057197;NT;NT;NT;ASOSINTRASALUD RADICACION
HP LASERJET PRO MFP M227FDW;ASOSINTRASALUD;Regular;NT;HP LASERJET PRO MFP M227FDW;NT;NT;NT;NT;NT;NT;NT;NT;NT;NT;NT;NT;NT;NT;FACTURADOR DE TURNO;IMPRESORA TIENE PROBLEMAS DE ACETATO Y RODILLO SOLO SIRVE PARA ESCANEAR;"ASOSINTRASALUD MATERNIDAD(FACTURACION)	"
KYOCERA FS 4100DN;ASOSINTRASALUD;Malo;NT;KYOCERA;NT;NT;NT;NT;NT;NT;NT;NT;NT;NT;NT;NT;00209006;NT;FACTURADOR DE TURNO;IMPRESORA EN MAL ESTADO, TIEN VARIAS PIEZAS CRISTALIZADAS;ASOSINTRASALUD FACTURACION CONSULTA EXTERNA
KYOCERA FS 4100 DN;ASOSINTRASALUD;Regular;NT;KYOCERA;NT;NT;NT;NT;NT;NT;NT;NT;NT;NT;NT;NT;NT;NT;FACTURADOR DE TURNO;NT;ASOSINTRASALUD URGENCIAS(FACTURACION)
AVISION SHEETFED SCANNER AD240U;ASOSINTRASALUD;Malo;NT;AVISION;NT;NT;NT;NT;NT;NT;NT;NT;NT;NT;NT;NT;NT;NT;NT;SCANNER NO FUNCIONA;ASOSINTRASALUD RADICACION
DS 530;ASOSINTRASALUD;Excelente;NT;NT;NT;NT;NT;NT;NT;NT;NT;NT;NT;NT;NT;NT;X2HJ149110;NT;AURA;NT;AUDITORIA
EPSON DS 780W;ASOSINTRASALUD;Excelente;NT;EPSON DS 780W;NT;NT;NT;NT;NT;NT;NT;NT;NT;NT;NT;NT;X3KJ004895;NT;BETSI;NT;ASOSINTRASALUD RADICACION
SEGTRABAJO;NT;NT;W7;NT;NT;PENTIUM E6600;MICROSOFT OFFICE 2010 (NO ACTIVADO);401;NT;NT;NT;NT;2;500;192.168.2.14;54:04:a6:62:d7:b0;NT;722080787;NT;NT;SEGURIDA DEL TRABAJO
VIGILANTEP3;NT;NT;W7;COMPUMAX;NT;PENTIUM E6600;NT;414;NT;NT;NT;NT;4;500;192.168.2.144;?54-04-A6-62-D8-C1;NT;1804265176;NT;NT;VIGILANCIA
AUDITORIA_CONCURRENTE;HOSPITAL;NT;W7;COMPUMAX;NT;PENTIUM E6600;MICROSOFT OFFICE 2010 (NO ACTIVADO);44;NT;NT;NT;NT;4;500;192.168.2.159;NT;NT;NT;NT;NT;ASOSINTRASALUD AUDITORIA
FARMACIACIRUGIA;NT;NT;W7;COMPUMAX;NT;PENTIUM E6600;MICROSOFT OFFICE 2016 (ACTIVADO);NT;NT;NT;NT;NT;4;500;192.168.2.174;14:da:e9:df:7f:4f;NT;NT;NT;NT;FARMACIA
FACTCONS3;ASOSINTRASALUD;NT;W7;COMPUMAX;NT;PENTIUM E6600;MICROSOFT OFFICE 2010 (NO ACTIVADO);NT;1400;NT;HP LASERJET P1102W;NT;6;500;192.168.2.177;54:04:a6:57:1b:1a;NT;1902983356;NT;NT;ASOSINTRASALUD FACTURACION CONSULTA EXTERNA
AUXFACTURACION;HOSPITAL;NT;W7;COMPUMAX;NT;PENTIUM E6600;MICROSOFT OFFICE 2010 (NO ACTIVADO);NT;1434;NT;HP LASERJET P1102W;NT;4;500;192.168.2.178;54:04:a6:62:e8:9e;NT;NT;NT;NT;ASOSINTRASALUD RADICACION
jurasositrad;HOSPITAL;NT;W10;COMPUMAX;NT;PENTIUM E6600;MICROSOFT OFFICE 2010 (ACTIVADO);1740;NT;NT;NT;NT;6;500;192.168.2.184;54:04:a6:57:1a:dc;NT;NT;NT;NT;ASOSINTRASALUD RADICACION
SIAUPSICO;NT;NT;W7;NT;NT;PENTIUM E6600;MICROSOFT OFFICE 2010 (NO ACTIVADO);NT;NT;NT;NT;NT;4;500;192.168.2.218;NT;1393;964135710;NT;NT;CONSULTA EXTERNA
SOATURGENCIAS;HOSPITAL;NT;W10;COMPUMAX;NT;PENTIUM E6600;MICROSOFT OFFICE 2010 (NO ACTIVADO);NT;NT;NT;NT;NT;6;500;192.168.2.227;54:04:a6:62:e8:46;1647;797332991;NT;NT;ASOSINTRASALUD URGENCIAS(FACTURACION)
FACTCONS2;HOSPITAL;Regular;W10;GENERICA;NT;PENTIUM E6600;MICROSOFT OFFICE 2010 (NO ACTIVADO);NT;NT;NT;KYOCERA 3040idn;NT;4;500;192.168.2.239;b0:0c:d1:55:e5:21;NT;NT;YANEIRE;EQUIPO EN BUEN ESTADO PERO LA CAPACIDAD DEL PROCESADOR NO CUMPLE CON LAS REQUERIDAS PARA REALIZAR MULTIPLES TAREAS Y TIENDE A REELENTIZAR;ASOSINTRASALUD FACTURACION CONSULTA EXTERNA
AUXCARTERA2;HOSPITAL;NT;W7;COMPUMAX;NT;PENTIUM E6600;MICROSOFT OFFICE 2010 (ACTIVADO);37;NT;NT;NT;NT;4;500;192.168.2.27;54:04:A6:51:A1:6B;NT;1053119996;NT;NT;ADMINISTRATIVOS (CARTERA)
UCIADULTO6;NT;NT;W7;COMPUMAX;NT;PENTIUM E6600;MICROSOFT OFFICE 2010 (NO ACTIVADO);537;NT;NT;NT;NT;4;500;192.168.2.29;?54-04-A6-62-F2-55;NT;711139162;NT;NT;UCI
SIAUJEFE;HOSPITAL;NT;W7;COMPUMAX;NT;PENTIUM E6600;MICROSOFT OFFICE 2010 (NO ACTIVADO);548;NT;NT;NT;NT;4;500;192.168.2.32;54:04:A6:5F:44:20;NT;1043625961;NT;NT;SIAU
CARTERAT;NT;NT;W7;NT;NT;PENTIUM E6600;MICROSOFT OFFICE 2010 (ACTIVADO);37;NT;NT;NO;NO;4;500;192.168.2.7;54:04:a6:57:1a:6b;NT;239381127;NT;NT;ADMINISTRATIVOS (CONTABILIDAD Y PRESUPUESTO)
AUDIFACTURACION;ASOSINTRASALUD;NT;W7;JANUS;NT;PENTIUM G2030;MICROSOFT OFFICE 2010 (NO ACTIVADO);NT;NT;NT;NT;NT;4;500;192.168.2.205;74.27.ea.47.95.ee;NT;NT;NT;NT;ASOSINTRASALUD FACTURACION PISO
PORTATILAUXLENO;NT;NT;W10;LENOVO;NT;RYZEN 3200U;MICROSOFT OFFICE 2016 (ACTIVADO);NT;NT;NT;NT;NT;8;240;DHCP;ea:aa:ea:b8:d9:65;NT;NT;NT;NT;ASOSINTRASALUD RADICACION
